{"10 - 10 - sqrt": [0.7852270603179932, 0.8830000000000002], "10 - 10 - log2": [0.39896631240844727, 0.8692], "10 - 10 - None": [13.9940345287323, 0.8766], "10 - 50 - sqrt": [0.8170475959777832, 0.8822000000000001], "10 - 50 - log2": [0.424588680267334, 0.8628], "10 - 50 - None": [15.632204294204712, 0.8794000000000001], "10 - 100 - sqrt": [0.8288185596466064, 0.8828000000000001], "10 - 100 - log2": [0.39270687103271484, 0.8682000000000001], "10 - 100 - None": [15.330825805664062, 0.8757999999999999], "10 - 200 - sqrt": [0.8009850978851318, 0.8872], "10 - 200 - log2": [0.4243452548980713, 0.8676], "10 - 200 - None": [17.3532817363739, 0.8747999999999999], "10 - 500 - sqrt": [0.9182937145233154, 0.8863999999999999], "10 - 500 - log2": [0.4978814125061035, 0.8602000000000001], "10 - 500 - None": [17.252688884735107, 0.8785999999999999], "10 - 1000 - sqrt": [0.8332231044769287, 0.8782], "10 - 1000 - log2": [0.42572593688964844, 0.8676], "10 - 1000 - None": [18.466904640197754, 0.8725999999999999], "10 - None - sqrt": [0.8421247005462646, 0.8834], "10 - None - log2": [0.4461846351623535, 0.8708], "10 - None - None": [15.919595956802368, 0.8720000000000001], "50 - 10 - sqrt": [3.5110373497009277, 0.9236000000000001], "50 - 10 - log2": [1.614635944366455, 0.9106000000000002], "50 - 10 - None": [69.77623987197876, 0.9020000000000001], "50 - 50 - sqrt": [3.8451623916625977, 0.9234], "50 - 50 - log2": [1.8672986030578613, 0.9276000000000002], "50 - 50 - None": [87.25555086135864, 0.909], "50 - 100 - sqrt": [3.885303497314453, 0.9280000000000002], "50 - 100 - log2": [1.9753639698028564, 0.9266], "50 - 100 - None": [83.61749291419983, 0.9106], "50 - 200 - sqrt": [4.069789171218872, 0.9270000000000002], "50 - 200 - log2": [1.9385313987731934, 0.9262], "50 - 200 - None": [77.76384949684143, 0.906], "50 - 500 - sqrt": [3.931150436401367, 0.925], "50 - 500 - log2": [1.9171152114868164, 0.9184000000000001], "50 - 500 - None": [79.1075496673584, 0.9058000000000002], "50 - 1000 - sqrt": [4.131823301315308, 0.9268000000000001], "50 - 1000 - log2": [2.0440874099731445, 0.9190000000000002], "50 - 1000 - None": [76.13936233520508, 0.9033999999999999], "50 - None - sqrt": [3.803999662399292, 0.9276], "50 - None - log2": [1.8442444801330566, 0.9222000000000001], "50 - None - None": [74.62705326080322, 0.9084], "100 - 10 - sqrt": [6.775202989578247, 0.9269999999999999], "100 - 10 - log2": [3.140047550201416, 0.9225999999999999], "100 - 10 - None": [138.01015400886536, 0.9026000000000002], "100 - 50 - sqrt": [12.241562843322754, 0.9306000000000001], "100 - 50 - log2": [5.082224130630493, 0.9338000000000001], "100 - 50 - None": [176.16254711151123, 0.9114000000000001], "100 - 100 - sqrt": [9.30091118812561, 0.9326000000000001], "100 - 100 - log2": [4.401366710662842, 0.9292], "100 - 100 - None": [183.069433927536, 0.9081999999999999], "100 - 200 - sqrt": [8.116985321044922, 0.9314000000000002], "100 - 200 - log2": [5.450218915939331, 0.9298000000000002], "100 - 200 - None": [180.2195725440979, 0.9112], "100 - 500 - sqrt": [7.633843183517456, 0.9346], "100 - 500 - log2": [4.2498862743377686, 0.9303999999999999], "100 - 500 - None": [171.4580261707306, 0.9128000000000001], "100 - 1000 - sqrt": [7.962956666946411, 0.9308], "100 - 1000 - log2": [4.226412296295166, 0.9306000000000001], "100 - 1000 - None": [153.34535765647888, 0.9094], "100 - None - sqrt": [7.58453369140625, 0.9341999999999999], "100 - None - log2": [3.6596381664276123, 0.9298], "100 - None - None": [156.75470781326294, 0.9119999999999999], "200 - 10 - sqrt": [14.437192440032959, 0.9248000000000001], "200 - 10 - log2": [7.54948091506958, 0.925], "200 - 10 - None": [274.1802773475647, 0.9062000000000001], "200 - 50 - sqrt": [15.23167634010315, 0.9348000000000001], "200 - 50 - log2": [7.375908613204956, 0.9352], "200 - 50 - None": [315.11337447166443, 0.9103999999999999], "200 - 100 - sqrt": [15.39066743850708, 0.9348000000000001], "200 - 100 - log2": [7.429994344711304, 0.932], "200 - 100 - None": [330.4101300239563, 0.9092], "200 - 200 - sqrt": [17.7437527179718, 0.9366], "200 - 200 - log2": [8.234170913696289, 0.9334], "200 - 200 - None": [323.73292899131775, 0.9136000000000001], "200 - 500 - sqrt": [15.719518423080444, 0.9356000000000002], "200 - 500 - log2": [7.470491170883179, 0.9348000000000001], "200 - 500 - None": [324.28199672698975, 0.9112], "200 - 1000 - sqrt": [15.531976699829102, 0.9318], "200 - 1000 - log2": [7.5585691928863525, 0.9334], "200 - 1000 - None": [320.341237783432, 0.9094000000000001], "200 - None - sqrt": [16.869049072265625, 0.9340000000000002], "200 - None - log2": [8.210266590118408, 0.9349999999999999], "200 - None - None": [317.43399357795715, 0.9108], "500 - 10 - sqrt": [35.413207054138184, 0.9279999999999999], "500 - 10 - log2": [16.518468141555786, 0.9234], "500 - 10 - None": [695.4669466018677, 0.907], "500 - 50 - sqrt": [39.464550733566284, 0.937], "500 - 50 - log2": [19.899035453796387, 0.9362], "500 - 50 - None": [773.6980743408203, 0.9138], "500 - 100 - sqrt": [39.45695662498474, 0.9369999999999999], "500 - 100 - log2": [20.532721996307373, 0.9356], "500 - 100 - None": [817.4405179023743, 0.913], "500 - 200 - sqrt": [39.71896696090698, 0.9342], "500 - 200 - log2": [20.236117362976074, 0.9368000000000001], "500 - 200 - None": [803.2734386920929, 0.9134], "500 - 500 - sqrt": [40.96116590499878, 0.9348000000000001], "500 - 500 - log2": [18.931382656097412, 0.9356], "500 - 500 - None": [1392.0739696025848, 0.9132], "500 - 1000 - sqrt": [99.67655873298645, 0.9376], "500 - 1000 - log2": [39.00597381591797, 0.9374], "500 - 1000 - None": [984.5514578819275, 0.9132000000000001], "500 - None - sqrt": [43.99354839324951, 0.9364000000000001], "500 - None - log2": [21.8756000995636, 0.9356], "500 - None - None": [848.4930653572083, 0.9114000000000001], "1000 - 10 - sqrt": [79.55926442146301, 0.9288000000000001], "1000 - 10 - log2": [37.33965444564819, 0.9262], "1000 - 10 - None": [3069.578314781189, 0.9106], "1000 - 50 - sqrt": [77.41254472732544, 0.9359999999999999], "1000 - 50 - log2": [41.076192140579224, 0.9372], "1000 - 50 - None": [1681.6101620197296, 0.9138], "1000 - 100 - sqrt": [83.55239129066467, 0.9347999999999999], "1000 - 100 - log2": [39.2447988986969, 0.9362], "1000 - 100 - None": [1658.6624503135681, 0.9118], "1000 - 200 - sqrt": [79.75162291526794, 0.9368000000000001], "1000 - 200 - log2": [39.86255145072937, 0.937], "1000 - 200 - None": [1509.5834634304047, 0.9146000000000001], "1000 - 500 - sqrt": [74.7081196308136, 0.9369999999999999], "1000 - 500 - log2": [37.58694338798523, 0.9374], "1000 - 500 - None": [1472.0880913734436, 0.9128000000000001], "1000 - 1000 - sqrt": [74.81623601913452, 0.9362], "1000 - 1000 - log2": [37.1011061668396, 0.9368000000000001], "1000 - 1000 - None": [1466.9956603050232, 0.9126000000000001], "1000 - None - sqrt": [74.97078227996826, 0.9369999999999999], "1000 - None - log2": [36.99899220466614, 0.9374], "1000 - None - None": [1475.3606753349304, 0.9138000000000002]}