{"linear - 1e-05 - ovo": [0.1126, 11.483742094039917], "linear - 1e-05 - ovr": [0.1126, 15.902859497070313], "linear - 0.0001 - ovo": [0.49260000000000004, 14.149912261962891], "linear - 0.0001 - ovr": [0.49260000000000004, 8.382332897186279], "linear - 0.001 - ovo": [0.8816, 4.052788543701172], "linear - 0.001 - ovr": [0.8816, 3.9790552139282225], "linear - 0.01 - ovo": [0.9179999999999999, 2.0642130374908447], "linear - 0.01 - ovr": [0.9179999999999999, 2.003031539916992], "linear - 0.1 - ovo": [0.917, 1.2026307582855225], "linear - 0.1 - ovr": [0.917, 1.2290648937225341], "linear - 1 - ovo": [0.9068000000000002, 1.3605859279632568], "linear - 1 - ovr": [0.9068000000000002, 1.2171579360961915], "linear - 10 - ovo": [0.9058000000000002, 1.219446563720703], "linear - 10 - ovr": [0.9058000000000002, 1.204170560836792], "linear - 100 - ovo": [0.9058000000000002, 1.2805821895599365], "linear - 100 - ovr": [0.9058000000000002, 1.3130297660827637], "poly (2) - 1e-05 - ovo": [0.1126, 8.048618507385253], "poly (4) - 1e-05 - ovo": [0.1126, 7.723673629760742], "poly (6) - 1e-05 - ovo": [0.1126, 7.020079612731934], "poly (8) - 1e-05 - ovo": [0.1126, 7.599266004562378], "poly (2) - 1e-05 - ovr": [0.1126, 8.801062154769898], "poly (4) - 1e-05 - ovr": [0.1126, 8.50282597541809], "poly (6) - 1e-05 - ovr": [0.1126, 8.760094499588012], "poly (8) - 1e-05 - ovr": [0.1126, 8.348467922210693], "poly (2) - 0.0001 - ovo": [0.1126, 7.401806974411011], "poly (4) - 0.0001 - ovo": [0.1126, 7.298470211029053], "poly (6) - 0.0001 - ovo": [0.1126, 7.229780149459839], "poly (8) - 0.0001 - ovo": [0.11779999999999999, 7.33069224357605], "poly (2) - 0.0001 - ovr": [0.1126, 7.636389112472534], "poly (4) - 0.0001 - ovr": [0.1126, 6.186788272857666], "poly (6) - 0.0001 - ovr": [0.1126, 5.9022191047668455], "poly (8) - 0.0001 - ovr": [0.11779999999999999, 6.318921327590942], "poly (2) - 0.001 - ovo": [0.1126, 6.166426467895508], "poly (4) - 0.001 - ovo": [0.1274, 6.296229124069214], "poly (6) - 0.001 - ovo": [0.14720000000000003, 6.346470689773559], "poly (8) - 0.001 - ovo": [0.16720000000000002, 5.9766130447387695], "poly (2) - 0.001 - ovr": [0.1126, 6.0765052318573], "poly (4) - 0.001 - ovr": [0.1274, 6.1068586826324465], "poly (6) - 0.001 - ovr": [0.14720000000000003, 5.793990659713745], "poly (8) - 0.001 - ovr": [0.16720000000000002, 5.987755870819091], "poly (2) - 0.01 - ovo": [0.599, 5.382652235031128], "poly (4) - 0.01 - ovo": [0.42300000000000004, 5.298075008392334], "poly (6) - 0.01 - ovo": [0.34459999999999996, 5.154318714141846], "poly (8) - 0.01 - ovo": [0.31920000000000004, 5.105682277679444], "poly (2) - 0.01 - ovr": [0.599, 5.398108243942261], "poly (4) - 0.01 - ovr": [0.42300000000000004, 5.262237215042115], "poly (6) - 0.01 - ovr": [0.34459999999999996, 5.394505786895752], "poly (8) - 0.01 - ovr": [0.31920000000000004, 5.502339935302734], "poly (2) - 0.1 - ovo": [0.8959999999999999, 3.043343687057495], "poly (4) - 0.1 - ovo": [0.788, 3.805501127243042], "poly (6) - 0.1 - ovo": [0.6439999999999999, 4.999669170379638], "poly (8) - 0.1 - ovo": [0.5449999999999999, 4.152020120620728], "poly (2) - 0.1 - ovr": [0.8959999999999999, 3.1027538776397705], "poly (4) - 0.1 - ovr": [0.788, 3.271120882034302], "poly (6) - 0.1 - ovr": [0.6439999999999999, 3.733385372161865], "poly (8) - 0.1 - ovr": [0.5449999999999999, 4.2567400455474855], "poly (2) - 1 - ovo": [0.942, 1.2353090286254882], "poly (4) - 1 - ovo": [0.9007999999999999, 1.7153252601623534], "poly (6) - 1 - ovo": [0.7988000000000001, 2.4047414779663088], "poly (8) - 1 - ovo": [0.6914, 3.041270685195923], "poly (2) - 1 - ovr": [0.942, 1.6433780193328857], "poly (4) - 1 - ovr": [0.9007999999999999, 1.722616958618164], "poly (6) - 1 - ovr": [0.7988000000000001, 2.3222167015075685], "poly (8) - 1 - ovr": [0.6914, 2.823279523849487], "poly (2) - 10 - ovo": [0.9499999999999998, 1.054434871673584], "poly (4) - 10 - ovo": [0.9234, 1.4367210865020752], "poly (6) - 10 - ovo": [0.8568, 1.8362814903259277], "poly (8) - 10 - ovo": [0.7758, 2.5882495880126952], "poly (2) - 10 - ovr": [0.9499999999999998, 1.132800245285034], "poly (4) - 10 - ovr": [0.9234, 1.2398186683654786], "poly (6) - 10 - ovr": [0.8568, 1.7992661952972413], "poly (8) - 10 - ovr": [0.7758, 2.3267799377441407], "poly (2) - 100 - ovo": [0.9494, 1.143305206298828], "poly (4) - 100 - ovo": [0.9214, 1.2458293437957764], "poly (6) - 100 - ovo": [0.8672000000000001, 1.6675314426422119], "poly (8) - 100 - ovo": [0.8074, 2.068219709396362], "poly (2) - 100 - ovr": [0.9494, 1.2519208908081054], "poly (4) - 100 - ovr": [0.9214, 1.5630395412445068], "poly (6) - 100 - ovr": [0.8672000000000001, 1.7529329299926757], "poly (8) - 100 - ovr": [0.8074, 1.969435453414917], "rbf - 1e-05 - ovo": [0.1126, 7.022208976745605], "rbf - 1e-05 - ovr": [0.1126, 7.466596794128418], "rbf - 0.0001 - ovo": [0.1126, 7.58757700920105], "rbf - 0.0001 - ovr": [0.1126, 7.0845378875732425], "rbf - 0.001 - ovo": [0.1126, 7.138156938552856], "rbf - 0.001 - ovr": [0.1126, 7.361485004425049], "rbf - 0.01 - ovo": [0.40540000000000004, 6.969904088973999], "rbf - 0.01 - ovr": [0.40540000000000004, 7.247520685195923], "rbf - 0.1 - ovo": [0.908, 4.186828088760376], "rbf - 0.1 - ovr": [0.908, 4.036887311935425], "rbf - 1 - ovo": [0.9468, 2.243917226791382], "rbf - 1 - ovr": [0.9468, 2.237135314941406], "rbf - 10 - ovo": [0.954, 2.144846057891846], "rbf - 10 - ovr": [0.954, 2.179432916641235], "rbf - 100 - ovo": [0.9537999999999999, 2.1209881782531737], "rbf - 100 - ovr": [0.9537999999999999, 2.1289831161499024], "sigmoid - 1e-05 - ovo": [0.1126, 6.213299989700317], "sigmoid - 1e-05 - ovr": [0.1126, 6.388732624053955], "sigmoid - 0.0001 - ovo": [0.1126, 6.417854690551758], "sigmoid - 0.0001 - ovr": [0.1126, 6.617934036254883], "sigmoid - 0.001 - ovo": [0.1126, 6.711153411865235], "sigmoid - 0.001 - ovr": [0.1126, 6.2774834632873535], "sigmoid - 0.01 - ovo": [0.45999999999999996, 6.178674697875977], "sigmoid - 0.01 - ovr": [0.45999999999999996, 6.193818092346191], "sigmoid - 0.1 - ovo": [0.865, 3.5821419239044188], "sigmoid - 0.1 - ovr": [0.865, 3.7449338912963865], "sigmoid - 1 - ovo": [0.8636000000000001, 1.700340747833252], "sigmoid - 1 - ovr": [0.8636000000000001, 1.5982128620147704], "sigmoid - 10 - ovo": [0.7950000000000002, 0.8595932483673095], "sigmoid - 10 - ovr": [0.7950000000000002, 0.9664352416992188], "sigmoid - 100 - ovo": [0.7738, 0.7576147556304932], "sigmoid - 100 - ovr": [0.7738, 0.7456488132476806]}