{"linear - 1e-05 - ovo": [0.1126, 1.10174503326416], "linear - 1e-05 - ovr": [0.1126, 1.056443738937378], "linear - 0.0001 - ovo": [0.48760000000000003, 1.0337064743041993], "linear - 0.0001 - ovr": [0.48760000000000003, 1.0555219650268555], "linear - 0.001 - ovo": [0.876, 0.5401223659515381], "linear - 0.001 - ovr": [0.876, 0.535245418548584], "linear - 0.01 - ovo": [0.9132, 0.2575846672058105], "linear - 0.01 - ovr": [0.9132, 0.25755748748779295], "linear - 0.1 - ovo": [0.9136, 0.22326264381408692], "linear - 0.1 - ovr": [0.9136, 0.23068323135375976], "linear - 1 - ovo": [0.9026, 0.2765467643737793], "linear - 1 - ovr": [0.9026, 0.2891582489013672], "linear - 10 - ovo": [0.8948, 0.6529712677001953], "linear - 10 - ovr": [0.8948, 0.6456557273864746], "linear - 100 - ovo": [0.891, 3.1238420486450194], "linear - 100 - ovr": [0.891, 3.116326332092285], "poly (2) - 1e-05 - ovo": [0.1126, 1.1342585563659668], "poly (4) - 1e-05 - ovo": [0.1126, 1.1807810306549071], "poly (6) - 1e-05 - ovo": [0.1126, 1.1624574661254883], "poly (8) - 1e-05 - ovo": [0.1126, 1.165769338607788], "poly (2) - 1e-05 - ovr": [0.1126, 1.1343989372253418], "poly (4) - 1e-05 - ovr": [0.1126, 1.1745845317840575], "poly (6) - 1e-05 - ovr": [0.1126, 1.1606421947479248], "poly (8) - 1e-05 - ovr": [0.1126, 1.1830488204956056], "poly (2) - 0.0001 - ovo": [0.1126, 1.1627841949462892], "poly (4) - 0.0001 - ovo": [0.1126, 1.1807191848754883], "poly (6) - 0.0001 - ovo": [0.1126, 1.1686103343963623], "poly (8) - 0.0001 - ovo": [0.1126, 1.1903263092041017], "poly (2) - 0.0001 - ovr": [0.1126, 1.2252350330352784], "poly (4) - 0.0001 - ovr": [0.1126, 1.1615780353546143], "poly (6) - 0.0001 - ovr": [0.1126, 1.156422758102417], "poly (8) - 0.0001 - ovr": [0.1126, 1.2151395320892333], "poly (2) - 0.001 - ovo": [0.1126, 1.1722107887268067], "poly (4) - 0.001 - ovo": [0.1126, 1.1688051223754883], "poly (6) - 0.001 - ovo": [0.1206, 1.1994098663330077], "poly (8) - 0.001 - ovo": [0.1266, 1.184992265701294], "poly (2) - 0.001 - ovr": [0.1126, 1.1652420043945313], "poly (4) - 0.001 - ovr": [0.1126, 1.181651496887207], "poly (6) - 0.001 - ovr": [0.1206, 1.1834423065185546], "poly (8) - 0.001 - ovr": [0.1266, 1.2078802585601807], "poly (2) - 0.01 - ovo": [0.47000000000000003, 1.110598087310791], "poly (4) - 0.01 - ovo": [0.19479999999999997, 1.130605983734131], "poly (6) - 0.01 - ovo": [0.1686, 1.1899693489074707], "poly (8) - 0.01 - ovo": [0.1646, 1.1851417064666747], "poly (2) - 0.01 - ovr": [0.47000000000000003, 1.1063844203948974], "poly (4) - 0.01 - ovr": [0.19479999999999997, 1.1568888187408448], "poly (6) - 0.01 - ovr": [0.1686, 1.1322508335113526], "poly (8) - 0.01 - ovr": [0.1646, 1.168622875213623], "poly (2) - 0.1 - ovo": [0.9188000000000001, 0.6246856689453125], "poly (4) - 0.1 - ovo": [0.7412000000000001, 0.8749863147735596], "poly (6) - 0.1 - ovo": [0.5386, 1.0020741462707519], "poly (8) - 0.1 - ovo": [0.40680000000000005, 1.08449068069458], "poly (2) - 0.1 - ovr": [0.9188000000000001, 0.6316161632537842], "poly (4) - 0.1 - ovr": [0.7412000000000001, 0.8877588748931885], "poly (6) - 0.1 - ovr": [0.5386, 1.0103155612945556], "poly (8) - 0.1 - ovr": [0.40680000000000005, 1.082574462890625], "poly (2) - 1 - ovo": [0.9477999999999998, 0.3488443851470947], "poly (4) - 1 - ovo": [0.9356, 0.5686986923217774], "poly (6) - 1 - ovo": [0.8154, 0.7698849201202392], "poly (8) - 1 - ovo": [0.612, 0.9672235965728759], "poly (2) - 1 - ovr": [0.9477999999999998, 0.3486298084259033], "poly (4) - 1 - ovr": [0.9356, 0.5813214302062988], "poly (6) - 1 - ovr": [0.8154, 0.7573147773742676], "poly (8) - 1 - ovr": [0.612, 0.9266368865966796], "poly (2) - 10 - ovo": [0.9491999999999999, 0.34848823547363283], "poly (4) - 10 - ovo": [0.9405999999999999, 0.5434476375579834], "poly (6) - 10 - ovo": [0.8906000000000001, 0.7724067687988281], "poly (8) - 10 - ovo": [0.813, 0.9270272254943848], "poly (2) - 10 - ovr": [0.9491999999999999, 0.320206880569458], "poly (4) - 10 - ovr": [0.9405999999999999, 0.5560175895690918], "poly (6) - 10 - ovr": [0.8906000000000001, 0.7724481582641601], "poly (8) - 10 - ovr": [0.813, 0.9396823406219482], "poly (2) - 100 - ovo": [0.9479999999999998, 0.32662529945373536], "poly (4) - 100 - ovo": [0.9404, 0.5404133796691895], "poly (6) - 100 - ovo": [0.8850000000000001, 0.8203197956085205], "poly (8) - 100 - ovo": [0.8027999999999998, 1.0209739685058594], "poly (2) - 100 - ovr": [0.9479999999999998, 0.43922247886657717], "poly (4) - 100 - ovr": [0.9404, 0.6621481418609619], "poly (6) - 100 - ovr": [0.8850000000000001, 0.8576511859893798], "poly (8) - 100 - ovr": [0.8027999999999998, 1.033745241165161], "rbf - 1e-05 - ovo": [0.1126, 1.7613593578338622], "rbf - 1e-05 - ovr": [0.1126, 1.7611785888671876], "rbf - 0.0001 - ovo": [0.1126, 1.7776227474212647], "rbf - 0.0001 - ovr": [0.1126, 1.7585514545440675], "rbf - 0.001 - ovo": [0.1126, 1.7577843189239502], "rbf - 0.001 - ovr": [0.1126, 1.8033185482025147], "rbf - 0.01 - ovo": [0.5643999999999999, 1.7469903469085692], "rbf - 0.01 - ovr": [0.5643999999999999, 1.7563234329223634], "rbf - 0.1 - ovo": [0.9234, 0.9490562438964844], "rbf - 0.1 - ovr": [0.9234, 0.9078633785247803], "rbf - 1 - ovo": [0.9588000000000001, 0.5070009708404541], "rbf - 1 - ovr": [0.9588000000000001, 0.5110434532165528], "rbf - 10 - ovo": [0.9623999999999999, 0.5153106212615967], "rbf - 10 - ovr": [0.9623999999999999, 0.5120522022247315], "rbf - 100 - ovo": [0.9624, 0.5027438163757324], "rbf - 100 - ovr": [0.9624, 0.5096570491790772], "sigmoid - 1e-05 - ovo": [0.1126, 1.5867860794067383], "sigmoid - 1e-05 - ovr": [0.1126, 1.633956003189087], "sigmoid - 0.0001 - ovo": [0.1126, 1.607189130783081], "sigmoid - 0.0001 - ovr": [0.1126, 1.6245830059051514], "sigmoid - 0.001 - ovo": [0.1126, 1.6092138290405273], "sigmoid - 0.001 - ovr": [0.1126, 1.6038644313812256], "sigmoid - 0.01 - ovo": [0.7123999999999999, 1.3808203220367432], "sigmoid - 0.01 - ovr": [0.7123999999999999, 1.4034019470214845], "sigmoid - 0.1 - ovo": [0.8764, 0.6411767482757569], "sigmoid - 0.1 - ovr": [0.8764, 0.634611701965332], "sigmoid - 1 - ovo": [0.8716000000000002, 0.3392956256866455], "sigmoid - 1 - ovr": [0.8716000000000002, 0.3424720287322998], "sigmoid - 10 - ovo": [0.8230000000000001, 0.2485118865966797], "sigmoid - 10 - ovr": [0.8230000000000001, 0.2637505054473877], "sigmoid - 100 - ovo": [0.8098000000000001, 0.2417579174041748], "sigmoid - 100 - ovr": [0.8098000000000001, 0.23579955101013184]}