{"linear - 1e-05 - ovo": [0.1126, 1.3269832134246826], "linear - 1e-05 - ovr": [0.1126, 1.3321020603179932], "linear - 0.0001 - ovo": [0.49160000000000004, 1.329054880142212], "linear - 0.0001 - ovr": [0.49160000000000004, 1.3151813983917235], "linear - 0.001 - ovo": [0.8808000000000001, 0.6812637329101563], "linear - 0.001 - ovr": [0.8808000000000001, 0.6757133960723877], "linear - 0.01 - ovo": [0.9189999999999999, 0.32597527503967283], "linear - 0.01 - ovr": [0.9189999999999999, 0.3181313037872314], "linear - 0.1 - ovo": [0.9206, 0.2669685363769531], "linear - 0.1 - ovr": [0.9206, 0.26069011688232424], "linear - 1 - ovo": [0.9054, 0.30170187950134275], "linear - 1 - ovr": [0.9054, 0.2957584381103516], "linear - 10 - ovo": [0.8966000000000001, 0.3612542152404785], "linear - 10 - ovr": [0.8966000000000001, 0.38253273963928225], "linear - 100 - ovo": [0.8938, 0.4681230068206787], "linear - 100 - ovr": [0.8938, 0.45836701393127444], "poly (2) - 1e-05 - ovo": [0.1126, 1.41017427444458], "poly (4) - 1e-05 - ovo": [0.1126, 1.4095077991485596], "poly (6) - 1e-05 - ovo": [0.1126, 1.404432201385498], "poly (8) - 1e-05 - ovo": [0.1126, 1.4599157333374024], "poly (2) - 1e-05 - ovr": [0.1126, 1.399298095703125], "poly (4) - 1e-05 - ovr": [0.1126, 1.3880884170532226], "poly (6) - 1e-05 - ovr": [0.1126, 1.4379755020141602], "poly (8) - 1e-05 - ovr": [0.1126, 1.4108919143676757], "poly (2) - 0.0001 - ovo": [0.1126, 1.4141629219055176], "poly (4) - 0.0001 - ovo": [0.1126, 1.4267784118652345], "poly (6) - 0.0001 - ovo": [0.1126, 1.4525495529174806], "poly (8) - 0.0001 - ovo": [0.1126, 1.4633248805999757], "poly (2) - 0.0001 - ovr": [0.1126, 1.4268473625183105], "poly (4) - 0.0001 - ovr": [0.1126, 1.4055678844451904], "poly (6) - 0.0001 - ovr": [0.1126, 1.435959529876709], "poly (8) - 0.0001 - ovr": [0.1126, 1.4522082805633545], "poly (2) - 0.001 - ovo": [0.1126, 1.4044015407562256], "poly (4) - 0.001 - ovo": [0.1126, 1.4454843997955322], "poly (6) - 0.001 - ovo": [0.11300000000000002, 1.437995481491089], "poly (8) - 0.001 - ovo": [0.11939999999999999, 1.4633057117462158], "poly (2) - 0.001 - ovr": [0.1126, 1.4113328456878662], "poly (4) - 0.001 - ovr": [0.1126, 1.4423893451690675], "poly (6) - 0.001 - ovr": [0.11300000000000002, 1.4414171695709228], "poly (8) - 0.001 - ovr": [0.11939999999999999, 1.482830858230591], "poly (2) - 0.01 - ovo": [0.3534, 1.36994366645813], "poly (4) - 0.01 - ovo": [0.15460000000000002, 1.4062245845794679], "poly (6) - 0.01 - ovo": [0.1482, 1.4344459056854248], "poly (8) - 0.01 - ovo": [0.148, 1.4233670234680176], "poly (2) - 0.01 - ovr": [0.3534, 1.3969767093658447], "poly (4) - 0.01 - ovr": [0.15460000000000002, 1.3931447982788085], "poly (6) - 0.01 - ovr": [0.1482, 1.42051043510437], "poly (8) - 0.01 - ovr": [0.148, 1.4353009700775146], "poly (2) - 0.1 - ovo": [0.9183999999999999, 0.8309413433074951], "poly (4) - 0.1 - ovo": [0.682, 1.1683619976043702], "poly (6) - 0.1 - ovo": [0.48200000000000004, 1.3013830661773682], "poly (8) - 0.1 - ovo": [0.2622, 1.3859684944152832], "poly (2) - 0.1 - ovr": [0.9183999999999999, 0.8258194923400879], "poly (4) - 0.1 - ovr": [0.682, 1.150207757949829], "poly (6) - 0.1 - ovr": [0.48200000000000004, 1.331044864654541], "poly (8) - 0.1 - ovr": [0.2622, 1.3684608459472656], "poly (2) - 1 - ovo": [0.9506, 0.4710606575012207], "poly (4) - 1 - ovo": [0.9362, 0.8261501312255859], "poly (6) - 1 - ovo": [0.7528, 1.1409029483795166], "poly (8) - 1 - ovo": [0.5338, 1.3471075534820556], "poly (2) - 1 - ovr": [0.9506, 0.46324853897094725], "poly (4) - 1 - ovr": [0.9362, 0.8455075263977051], "poly (6) - 1 - ovr": [0.7528, 1.1256849765777588], "poly (8) - 1 - ovr": [0.5338, 1.3323301792144775], "poly (2) - 10 - ovo": [0.952, 0.44905672073364256], "poly (4) - 10 - ovo": [0.9436, 0.9041812896728516], "poly (6) - 10 - ovo": [0.8817999999999999, 1.2376814365386963], "poly (8) - 10 - ovo": [0.7017999999999999, 1.4235547542572022], "poly (2) - 10 - ovr": [0.952, 0.44945926666259767], "poly (4) - 10 - ovr": [0.9436, 0.9009244918823243], "poly (6) - 10 - ovr": [0.8817999999999999, 1.2505051612854003], "poly (8) - 10 - ovr": [0.7017999999999999, 1.4235802173614502], "poly (2) - 100 - ovo": [0.9518000000000001, 0.4491929531097412], "poly (4) - 100 - ovo": [0.9434000000000001, 0.8954201698303222], "poly (6) - 100 - ovo": [0.8800000000000001, 1.2919566631317139], "poly (8) - 100 - ovo": [0.7822000000000001, 1.5067138671875], "poly (2) - 100 - ovr": [0.9518000000000001, 0.452392053604126], "poly (4) - 100 - ovr": [0.9434000000000001, 0.9147375583648681], "poly (6) - 100 - ovr": [0.8800000000000001, 1.2678519248962403], "poly (8) - 100 - ovr": [0.7822000000000001, 1.4990458011627197], "rbf - 1e-05 - ovo": [0.1126, 2.079792547225952], "rbf - 1e-05 - ovr": [0.1126, 2.0575111389160154], "rbf - 0.0001 - ovo": [0.1126, 2.070874643325806], "rbf - 0.0001 - ovr": [0.1126, 2.1158499240875246], "rbf - 0.001 - ovo": [0.1126, 2.10721960067749], "rbf - 0.001 - ovr": [0.1126, 2.0516424655914305], "rbf - 0.01 - ovo": [0.4619999999999999, 2.083110523223877], "rbf - 0.01 - ovr": [0.4619999999999999, 2.0523822784423826], "rbf - 0.1 - ovo": [0.9178000000000001, 1.2219924449920654], "rbf - 0.1 - ovr": [0.9178000000000001, 1.1649014472961425], "rbf - 1 - ovo": [0.9545999999999999, 0.7024933815002441], "rbf - 1 - ovr": [0.9545999999999999, 0.6658749580383301], "rbf - 10 - ovo": [0.9614, 0.6704408645629882], "rbf - 10 - ovr": [0.9614, 0.6538207054138183], "rbf - 100 - ovo": [0.9614, 0.6754317283630371], "rbf - 100 - ovr": [0.9614, 0.6852005004882813], "sigmoid - 1e-05 - ovo": [0.1126, 1.8358930587768554], "sigmoid - 1e-05 - ovr": [0.1126, 1.891796064376831], "sigmoid - 0.0001 - ovo": [0.1126, 1.8499451160430909], "sigmoid - 0.0001 - ovr": [0.1126, 1.8697665691375733], "sigmoid - 0.001 - ovo": [0.1126, 1.8802359104156494], "sigmoid - 0.001 - ovr": [0.1126, 1.8536335945129394], "sigmoid - 0.01 - ovo": [0.692, 1.6384366989135741], "sigmoid - 0.01 - ovr": [0.692, 1.6392136573791505], "sigmoid - 0.1 - ovo": [0.8836, 0.7427437782287598], "sigmoid - 0.1 - ovr": [0.8836, 0.7569501399993896], "sigmoid - 1 - ovo": [0.8906000000000001, 0.3893402576446533], "sigmoid - 1 - ovr": [0.8906000000000001, 0.3831758975982666], "sigmoid - 10 - ovo": [0.8408, 0.2914693355560303], "sigmoid - 10 - ovr": [0.8408, 0.2858480930328369], "sigmoid - 100 - ovo": [0.8271999999999998, 0.27966761589050293], "sigmoid - 100 - ovr": [0.8271999999999998, 0.2825936794281006]}