{"linear - 1e-05 - ovo": [0.1126, 2.8957653522491453], "linear - 1e-05 - ovr": [0.1126, 2.9382505893707274], "linear - 0.0001 - ovo": [0.49260000000000004, 2.7927434921264647], "linear - 0.0001 - ovr": [0.49260000000000004, 2.785530853271484], "linear - 0.001 - ovo": [0.8818000000000001, 1.4417841911315918], "linear - 0.001 - ovr": [0.8818000000000001, 1.4118181705474853], "linear - 0.01 - ovo": [0.9178000000000001, 0.6441161155700683], "linear - 0.01 - ovr": [0.9178000000000001, 0.6474367618560791], "linear - 0.1 - ovo": [0.9174, 0.4904354095458984], "linear - 0.1 - ovr": [0.9174, 0.49658985137939454], "linear - 1 - ovo": [0.906, 0.4981724262237549], "linear - 1 - ovr": [0.906, 0.5072785377502441], "linear - 10 - ovo": [0.9056000000000001, 0.5053809642791748], "linear - 10 - ovr": [0.9056000000000001, 0.5060428619384766], "linear - 100 - ovo": [0.9056000000000001, 0.49927916526794436], "linear - 100 - ovr": [0.9056000000000001, 0.5024405956268311], "poly (2) - 1e-05 - ovo": [0.1126, 2.8792467594146727], "poly (4) - 1e-05 - ovo": [0.1126, 2.8798285007476805], "poly (6) - 1e-05 - ovo": [0.1126, 2.949966812133789], "poly (8) - 1e-05 - ovo": [0.1126, 2.9649930000305176], "poly (2) - 1e-05 - ovr": [0.1126, 2.941847562789917], "poly (4) - 1e-05 - ovr": [0.1126, 2.931893730163574], "poly (6) - 1e-05 - ovr": [0.1126, 2.93554744720459], "poly (8) - 1e-05 - ovr": [0.1126, 2.981150579452515], "poly (2) - 0.0001 - ovo": [0.1126, 2.9499337673187256], "poly (4) - 0.0001 - ovo": [0.1126, 2.937952089309692], "poly (6) - 0.0001 - ovo": [0.1126, 3.117150068283081], "poly (8) - 0.0001 - ovo": [0.1126, 2.953502893447876], "poly (2) - 0.0001 - ovr": [0.1126, 2.9112821578979493], "poly (4) - 0.0001 - ovr": [0.1126, 2.9840139389038085], "poly (6) - 0.0001 - ovr": [0.1126, 3.031506156921387], "poly (8) - 0.0001 - ovr": [0.1126, 2.9672282218933104], "poly (2) - 0.001 - ovo": [0.1126, 2.9102784156799317], "poly (4) - 0.001 - ovo": [0.1126, 2.954592561721802], "poly (6) - 0.001 - ovo": [0.1126, 2.9272818088531496], "poly (8) - 0.001 - ovo": [0.11320000000000001, 2.9493833065032957], "poly (2) - 0.001 - ovr": [0.1126, 2.9088087558746336], "poly (4) - 0.001 - ovr": [0.1126, 2.954761266708374], "poly (6) - 0.001 - ovr": [0.1126, 2.932029867172241], "poly (8) - 0.001 - ovr": [0.11320000000000001, 2.9896589279174806], "poly (2) - 0.01 - ovo": [0.2572, 2.846119832992554], "poly (4) - 0.01 - ovo": [0.1444, 2.9312350749969482], "poly (6) - 0.01 - ovo": [0.13840000000000002, 2.901629161834717], "poly (8) - 0.01 - ovo": [0.13620000000000002, 2.9854111194610597], "poly (2) - 0.01 - ovr": [0.2572, 2.912710952758789], "poly (4) - 0.01 - ovr": [0.1444, 2.958802318572998], "poly (6) - 0.01 - ovr": [0.13840000000000002, 2.9145005702972413], "poly (8) - 0.01 - ovr": [0.13620000000000002, 2.950374460220337], "poly (2) - 0.1 - ovo": [0.914, 1.7703060626983642], "poly (4) - 0.1 - ovo": [0.6284, 2.505830097198486], "poly (6) - 0.1 - ovo": [0.3162, 2.7549222469329835], "poly (8) - 0.1 - ovo": [0.1932, 2.984232759475708], "poly (2) - 0.1 - ovr": [0.914, 1.77413067817688], "poly (4) - 0.1 - ovr": [0.6284, 2.4958041667938233], "poly (6) - 0.1 - ovr": [0.3162, 2.755763387680054], "poly (8) - 0.1 - ovr": [0.1932, 2.9044291973114014], "poly (2) - 1 - ovo": [0.951, 0.996535348892212], "poly (4) - 1 - ovo": [0.9302000000000001, 1.873074197769165], "poly (6) - 1 - ovo": [0.6728, 2.503937530517578], "poly (8) - 1 - ovo": [0.45620000000000005, 2.8539764404296877], "poly (2) - 1 - ovr": [0.951, 1.014791488647461], "poly (4) - 1 - ovr": [0.9302000000000001, 1.8532515525817872], "poly (6) - 1 - ovr": [0.6728, 2.665417432785034], "poly (8) - 1 - ovr": [0.45620000000000005, 2.9617193698883058], "poly (2) - 10 - ovo": [0.9526, 0.9712810516357422], "poly (4) - 10 - ovo": [0.9400000000000001, 2.2562316417694093], "poly (6) - 10 - ovo": [0.8321999999999999, 2.7410934925079347], "poly (8) - 10 - ovo": [0.5912, 2.9981871128082274], "poly (2) - 10 - ovr": [0.9526, 1.0010118007659912], "poly (4) - 10 - ovr": [0.9400000000000001, 2.1852463722229003], "poly (6) - 10 - ovr": [0.8321999999999999, 2.746394157409668], "poly (8) - 10 - ovr": [0.5912, 3.033410835266113], "poly (2) - 100 - ovo": [0.9526, 0.9709145069122315], "poly (4) - 100 - ovo": [0.9404, 2.1234221935272215], "poly (6) - 100 - ovo": [0.8446, 2.7605947971343996], "poly (8) - 100 - ovo": [0.638, 3.1286447048187256], "poly (2) - 100 - ovr": [0.9526, 0.9873791217803956], "poly (4) - 100 - ovr": [0.9404, 2.170885372161865], "poly (6) - 100 - ovr": [0.8446, 2.7641303539276123], "poly (8) - 100 - ovr": [0.638, 3.1146237373352053], "rbf - 1e-05 - ovo": [0.1126, 3.7435815811157225], "rbf - 1e-05 - ovr": [0.1126, 3.765708303451538], "rbf - 0.0001 - ovo": [0.1126, 3.8339409828186035], "rbf - 0.0001 - ovr": [0.1126, 3.7679174900054933], "rbf - 0.001 - ovo": [0.1126, 3.7864073753356933], "rbf - 0.001 - ovr": [0.1126, 3.776680755615234], "rbf - 0.01 - ovo": [0.33520000000000005, 3.7510191917419435], "rbf - 0.01 - ovr": [0.33520000000000005, 3.786228132247925], "rbf - 0.1 - ovo": [0.913, 2.182496690750122], "rbf - 0.1 - ovr": [0.913, 2.2154082298278808], "rbf - 1 - ovo": [0.9523999999999999, 1.2939223766326904], "rbf - 1 - ovr": [0.9523999999999999, 1.3166516780853272], "rbf - 10 - ovo": [0.9586, 1.3480746269226074], "rbf - 10 - ovr": [0.9586, 1.411859655380249], "rbf - 100 - ovo": [0.9586, 1.3256670951843261], "rbf - 100 - ovr": [0.9586, 1.316484308242798], "sigmoid - 1e-05 - ovo": [0.1126, 3.2557921409606934], "sigmoid - 1e-05 - ovr": [0.1126, 3.302093029022217], "sigmoid - 0.0001 - ovo": [0.1126, 3.3437337398529055], "sigmoid - 0.0001 - ovr": [0.1126, 3.392795467376709], "sigmoid - 0.001 - ovo": [0.1126, 3.3965795040130615], "sigmoid - 0.001 - ovr": [0.1126, 3.346854066848755], "sigmoid - 0.01 - ovo": [0.6762, 2.966023635864258], "sigmoid - 0.01 - ovr": [0.6762, 3.0038822650909425], "sigmoid - 0.1 - ovo": [0.8852, 1.3476929664611816], "sigmoid - 0.1 - ovr": [0.8852, 1.3484128952026366], "sigmoid - 1 - ovo": [0.8972, 0.6752604961395263], "sigmoid - 1 - ovr": [0.8972, 0.6472968101501465], "sigmoid - 10 - ovo": [0.8555999999999999, 0.4745159149169922], "sigmoid - 10 - ovr": [0.8555999999999999, 0.4754785060882568], "sigmoid - 100 - ovo": [0.835, 0.46199765205383303], "sigmoid - 100 - ovr": [0.835, 0.45282230377197263]}