{"linear - 1e-05 - ovo": [0.1126, 0.9070999145507812], "linear - 1e-05 - ovr": [0.1126, 0.8888466358184814], "linear - 0.0001 - ovo": [0.4666, 0.9155349731445312], "linear - 0.0001 - ovr": [0.4666, 0.8863361835479736], "linear - 0.001 - ovo": [0.8256, 0.4917574882507324], "linear - 0.001 - ovr": [0.8256, 0.4996029853820801], "linear - 0.01 - ovo": [0.8672000000000001, 0.24837284088134765], "linear - 0.01 - ovr": [0.8672000000000001, 0.24821829795837402], "linear - 0.1 - ovo": [0.8764, 0.20435657501220703], "linear - 0.1 - ovr": [0.8764, 0.2105832576751709], "linear - 1 - ovo": [0.8764, 0.28246517181396485], "linear - 1 - ovr": [0.8764, 0.2764697551727295], "linear - 10 - ovo": [0.8761999999999999, 0.7977891445159913], "linear - 10 - ovr": [0.8761999999999999, 0.7930476665496826], "linear - 100 - ovo": [0.8736, 5.496942949295044], "linear - 100 - ovr": [0.8736, 5.420393943786621], "poly (2) - 1e-05 - ovo": [0.1126, 0.9867337703704834], "poly (4) - 1e-05 - ovo": [0.1126, 1.0024942398071288], "poly (6) - 1e-05 - ovo": [0.1126, 1.0282749652862548], "poly (8) - 1e-05 - ovo": [0.1126, 1.017035675048828], "poly (2) - 1e-05 - ovr": [0.1126, 0.9788689136505127], "poly (4) - 1e-05 - ovr": [0.1126, 1.0082371711730957], "poly (6) - 1e-05 - ovr": [0.1126, 1.0447630882263184], "poly (8) - 1e-05 - ovr": [0.1126, 1.0208525657653809], "poly (2) - 0.0001 - ovo": [0.1126, 0.9927363395690918], "poly (4) - 0.0001 - ovo": [0.1126, 1.027200746536255], "poly (6) - 0.0001 - ovo": [0.11340000000000001, 1.0120580673217774], "poly (8) - 0.0001 - ovo": [0.1256, 1.00879807472229], "poly (2) - 0.0001 - ovr": [0.1126, 1.0024722576141358], "poly (4) - 0.0001 - ovr": [0.1126, 1.0081459999084472], "poly (6) - 0.0001 - ovr": [0.11340000000000001, 1.0024442195892334], "poly (8) - 0.0001 - ovr": [0.1256, 1.0266453266143798], "poly (2) - 0.001 - ovo": [0.1126, 0.993157148361206], "poly (4) - 0.001 - ovo": [0.1328, 0.98641357421875], "poly (6) - 0.001 - ovo": [0.14340000000000003, 1.010470724105835], "poly (8) - 0.001 - ovo": [0.1524, 0.9868072032928467], "poly (2) - 0.001 - ovr": [0.1126, 0.99219651222229], "poly (4) - 0.001 - ovr": [0.1328, 1.0008102893829345], "poly (6) - 0.001 - ovr": [0.14340000000000003, 0.9954794883728028], "poly (8) - 0.001 - ovr": [0.1524, 0.9805850505828857], "poly (2) - 0.01 - ovo": [0.5628, 0.8953602313995361], "poly (4) - 0.01 - ovo": [0.4514, 0.930309534072876], "poly (6) - 0.01 - ovo": [0.3844, 0.9082950115203857], "poly (8) - 0.01 - ovo": [0.34880000000000005, 0.9159718990325928], "poly (2) - 0.01 - ovr": [0.5628, 0.9301721096038819], "poly (4) - 0.01 - ovr": [0.4514, 0.9220634460449219], "poly (6) - 0.01 - ovr": [0.3844, 0.9081398010253906], "poly (8) - 0.01 - ovr": [0.34880000000000005, 0.9150994777679443], "poly (2) - 0.1 - ovo": [0.8656, 0.4995257377624512], "poly (4) - 0.1 - ovo": [0.7644, 0.6094470977783203], "poly (6) - 0.1 - ovo": [0.5706, 0.7036861896514892], "poly (8) - 0.1 - ovo": [0.48860000000000003, 0.7790488243103028], "poly (2) - 0.1 - ovr": [0.8656, 0.48696141242980956], "poly (4) - 0.1 - ovr": [0.7644, 0.6237810611724853], "poly (6) - 0.1 - ovr": [0.5706, 0.6928294181823731], "poly (8) - 0.1 - ovr": [0.48860000000000003, 0.7568652153015136], "poly (2) - 1 - ovo": [0.913, 0.28267178535461424], "poly (4) - 1 - ovo": [0.8977999999999999, 0.38002595901489256], "poly (6) - 1 - ovo": [0.8236000000000001, 0.477405309677124], "poly (8) - 1 - ovo": [0.7132, 0.5940296649932861], "poly (2) - 1 - ovr": [0.913, 0.2765702247619629], "poly (4) - 1 - ovr": [0.8977999999999999, 0.3748377799987793], "poly (6) - 1 - ovr": [0.8236000000000001, 0.48683619499206543], "poly (8) - 1 - ovr": [0.7132, 0.5776448726654053], "poly (2) - 10 - ovo": [0.9106, 0.25423235893249513], "poly (4) - 10 - ovo": [0.9068000000000002, 0.32321596145629883], "poly (6) - 10 - ovo": [0.8661999999999999, 0.39894685745239256], "poly (8) - 10 - ovo": [0.8039999999999999, 0.4901753902435303], "poly (2) - 10 - ovr": [0.9106, 0.2606984615325928], "poly (4) - 10 - ovr": [0.9068000000000002, 0.30785160064697265], "poly (6) - 10 - ovr": [0.8661999999999999, 0.3926119804382324], "poly (8) - 10 - ovr": [0.8039999999999999, 0.4982155799865723], "poly (2) - 100 - ovo": [0.9054, 0.28578338623046873], "poly (4) - 100 - ovo": [0.892, 0.30773491859436036], "poly (6) - 100 - ovo": [0.8535999999999999, 0.36111154556274416], "poly (8) - 100 - ovo": [0.8186, 0.4335310935974121], "poly (2) - 100 - ovr": [0.9054, 0.3020376205444336], "poly (4) - 100 - ovr": [0.892, 0.3143917560577393], "poly (6) - 100 - ovr": [0.8535999999999999, 0.37064685821533205], "poly (8) - 100 - ovr": [0.8186, 0.45871539115905763], "rbf - 1e-05 - ovo": [0.1126, 1.5631882190704345], "rbf - 1e-05 - ovr": [0.1126, 1.633863925933838], "rbf - 0.0001 - ovo": [0.1126, 1.5877132892608643], "rbf - 0.0001 - ovr": [0.1126, 1.604547643661499], "rbf - 0.001 - ovo": [0.1126, 1.6975488662719727], "rbf - 0.001 - ovr": [0.1126, 1.6306352138519287], "rbf - 0.01 - ovo": [0.6884, 1.5282924175262451], "rbf - 0.01 - ovr": [0.6884, 1.5482287406921387], "rbf - 0.1 - ovo": [0.9012, 0.7194116115570068], "rbf - 0.1 - ovr": [0.9012, 0.7212260723114013], "rbf - 1 - ovo": [0.9414, 0.401903772354126], "rbf - 1 - ovr": [0.9414, 0.4145526885986328], "rbf - 10 - ovo": [0.945, 0.3612025737762451], "rbf - 10 - ovr": [0.945, 0.3549448013305664], "rbf - 100 - ovo": [0.9398, 0.34597530364990237], "rbf - 100 - ovr": [0.9398, 0.36783833503723146], "sigmoid - 1e-05 - ovo": [0.1126, 1.435704231262207], "sigmoid - 1e-05 - ovr": [0.1126, 1.4641285419464112], "sigmoid - 0.0001 - ovo": [0.1126, 1.4489004135131835], "sigmoid - 0.0001 - ovr": [0.1126, 1.460636043548584], "sigmoid - 0.001 - ovo": [0.1126, 1.4644893169403077], "sigmoid - 0.001 - ovr": [0.1126, 1.454280948638916], "sigmoid - 0.01 - ovo": [0.7246, 1.175862979888916], "sigmoid - 0.01 - ovr": [0.7246, 1.1781660079956056], "sigmoid - 0.1 - ovo": [0.8140000000000001, 0.5686305522918701], "sigmoid - 0.1 - ovr": [0.8140000000000001, 0.565469217300415], "sigmoid - 1 - ovo": [0.7507999999999999, 0.33041963577270506], "sigmoid - 1 - ovr": [0.7507999999999999, 0.3204092502593994], "sigmoid - 10 - ovo": [0.6943999999999999, 0.25755791664123534], "sigmoid - 10 - ovr": [0.6943999999999999, 0.2516568660736084], "sigmoid - 100 - ovo": [0.6922, 0.24207582473754882], "sigmoid - 100 - ovr": [0.6922, 0.24858713150024414]}