{"linear - 1e-05 - ovo": [0.1126, 0.8795387744903564], "linear - 1e-05 - ovr": [0.1126, 0.8389199256896973], "linear - 0.0001 - ovo": [0.29039999999999994, 1.0210010528564453], "linear - 0.0001 - ovr": [0.29039999999999994, 0.8702497959136963], "linear - 0.001 - ovo": [0.58, 0.5525559425354004], "linear - 0.001 - ovr": [0.58, 0.5563759326934814], "linear - 0.01 - ovo": [0.6228, 0.36132540702819826], "linear - 0.01 - ovr": [0.6228, 0.3521301746368408], "linear - 0.1 - ovo": [0.6302000000000001, 0.3142585754394531], "linear - 0.1 - ovr": [0.6302000000000001, 0.31428303718566897], "linear - 1 - ovo": [0.6322, 0.4209114074707031], "linear - 1 - ovr": [0.6322, 0.411558198928833], "linear - 10 - ovo": [0.6334, 0.8235804557800293], "linear - 10 - ovr": [0.6334, 0.8171043395996094], "linear - 100 - ovo": [0.6336, 3.8048202991485596], "linear - 100 - ovr": [0.6336, 3.974701404571533], "poly (2) - 1e-05 - ovo": [0.1126, 0.9740060329437256], "poly (4) - 1e-05 - ovo": [0.1126, 0.9553371429443359], "poly (6) - 1e-05 - ovo": [0.1176, 0.9569570064544678], "poly (8) - 1e-05 - ovo": [0.13640000000000002, 0.9755249977111816], "poly (2) - 1e-05 - ovr": [0.1126, 0.9346687316894531], "poly (4) - 1e-05 - ovr": [0.1126, 0.943581485748291], "poly (6) - 1e-05 - ovr": [0.1176, 0.980077600479126], "poly (8) - 1e-05 - ovr": [0.13640000000000002, 0.9508463859558105], "poly (2) - 0.0001 - ovo": [0.1126, 0.9048880577087403], "poly (4) - 0.0001 - ovo": [0.11939999999999999, 0.9553585529327393], "poly (6) - 0.0001 - ovo": [0.1418, 0.9234126567840576], "poly (8) - 0.0001 - ovo": [0.1554, 0.9166554927825927], "poly (2) - 0.0001 - ovr": [0.1126, 1.037336254119873], "poly (4) - 0.0001 - ovr": [0.11939999999999999, 0.9666006565093994], "poly (6) - 0.0001 - ovr": [0.1418, 0.945451307296753], "poly (8) - 0.0001 - ovr": [0.1554, 0.9365174293518066], "poly (2) - 0.001 - ovo": [0.1286, 0.9493731498718262], "poly (4) - 0.001 - ovo": [0.18460000000000001, 0.8956831455230713], "poly (6) - 0.001 - ovo": [0.2692, 0.8764956951141357], "poly (8) - 0.001 - ovo": [0.2582, 0.8981857776641846], "poly (2) - 0.001 - ovr": [0.1286, 0.958131980895996], "poly (4) - 0.001 - ovr": [0.18460000000000001, 0.8916152000427247], "poly (6) - 0.001 - ovr": [0.2692, 0.8645438194274903], "poly (8) - 0.001 - ovr": [0.2582, 0.8735051155090332], "poly (2) - 0.01 - ovo": [0.4346, 0.7857259273529053], "poly (4) - 0.01 - ovo": [0.3844, 0.7666722774505615], "poly (6) - 0.01 - ovo": [0.36019999999999996, 0.7464702606201172], "poly (8) - 0.01 - ovo": [0.3444, 0.7650479316711426], "poly (2) - 0.01 - ovr": [0.4346, 0.791937780380249], "poly (4) - 0.01 - ovr": [0.3844, 0.7729721069335938], "poly (6) - 0.01 - ovr": [0.36019999999999996, 0.7535243511199952], "poly (8) - 0.01 - ovr": [0.3444, 0.7731300354003906], "poly (2) - 0.1 - ovo": [0.5256000000000001, 0.5538547039031982], "poly (4) - 0.1 - ovo": [0.49260000000000004, 0.5714558601379395], "poly (6) - 0.1 - ovo": [0.4508, 0.6570045948028564], "poly (8) - 0.1 - ovo": [0.42380000000000007, 0.6693756580352783], "poly (2) - 0.1 - ovr": [0.5256000000000001, 0.5563245296478272], "poly (4) - 0.1 - ovr": [0.49260000000000004, 0.6011025905609131], "poly (6) - 0.1 - ovr": [0.4508, 0.6157586097717285], "poly (8) - 0.1 - ovr": [0.42380000000000007, 0.653953742980957], "poly (2) - 1 - ovo": [0.5474, 0.44632697105407715], "poly (4) - 1 - ovo": [0.5436, 0.4964012622833252], "poly (6) - 1 - ovo": [0.5102, 0.5897801399230957], "poly (8) - 1 - ovo": [0.48200000000000004, 0.6282898902893066], "poly (2) - 1 - ovr": [0.5474, 0.4426898956298828], "poly (4) - 1 - ovr": [0.5436, 0.48661074638366697], "poly (6) - 1 - ovr": [0.5102, 0.5437515258789063], "poly (8) - 1 - ovr": [0.48200000000000004, 0.5966880798339844], "poly (2) - 10 - ovo": [0.5565999999999999, 0.5139581203460694], "poly (4) - 10 - ovo": [0.5593999999999999, 0.5750246047973633], "poly (6) - 10 - ovo": [0.5328, 0.6286341667175293], "poly (8) - 10 - ovo": [0.5076, 0.7636622428894043], "poly (2) - 10 - ovr": [0.5565999999999999, 0.5200801849365234], "poly (4) - 10 - ovr": [0.5593999999999999, 0.5529861450195312], "poly (6) - 10 - ovr": [0.5328, 0.6442262172698975], "poly (8) - 10 - ovr": [0.5076, 0.7574655055999756], "poly (2) - 100 - ovo": [0.5568, 1.0429667949676513], "poly (4) - 100 - ovo": [0.5599999999999999, 1.3339948177337646], "poly (6) - 100 - ovo": [0.5378000000000001, 1.6611935138702392], "poly (8) - 100 - ovo": [0.5188, 2.347260093688965], "poly (2) - 100 - ovr": [0.5568, 1.0464863300323486], "poly (4) - 100 - ovr": [0.5599999999999999, 1.4295544147491455], "poly (6) - 100 - ovr": [0.5378000000000001, 1.6777345180511474], "poly (8) - 100 - ovr": [0.5188, 2.3214189052581786], "rbf - 1e-05 - ovo": [0.1126, 1.4949582099914551], "rbf - 1e-05 - ovr": [0.1126, 1.5052104949951173], "rbf - 0.0001 - ovo": [0.1126, 1.4955190181732179], "rbf - 0.0001 - ovr": [0.1126, 1.534416675567627], "rbf - 0.001 - ovo": [0.1126, 1.5617671489715577], "rbf - 0.001 - ovr": [0.1126, 1.5215445518493653], "rbf - 0.01 - ovo": [0.5666, 1.2835792541503905], "rbf - 0.01 - ovr": [0.5666, 1.3120175838470458], "rbf - 0.1 - ovo": [0.651, 0.7372371196746826], "rbf - 0.1 - ovr": [0.651, 0.7385629177093506], "rbf - 1 - ovo": [0.6808000000000001, 0.5528884410858155], "rbf - 1 - ovr": [0.6808000000000001, 0.5371696472167968], "rbf - 10 - ovo": [0.6854, 0.5528966903686523], "rbf - 10 - ovr": [0.6854, 0.5435811042785644], "rbf - 100 - ovo": [0.6816, 0.7163589000701904], "rbf - 100 - ovr": [0.6816, 0.7133761882781983], "sigmoid - 1e-05 - ovo": [0.1126, 1.44059419631958], "sigmoid - 1e-05 - ovr": [0.1126, 1.4136885166168214], "sigmoid - 0.0001 - ovo": [0.1126, 1.4283865928649901], "sigmoid - 0.0001 - ovr": [0.1126, 1.4350907325744628], "sigmoid - 0.001 - ovo": [0.11420000000000001, 1.4423934459686278], "sigmoid - 0.001 - ovr": [0.11420000000000001, 1.428941583633423], "sigmoid - 0.01 - ovo": [0.529, 1.0888378143310546], "sigmoid - 0.01 - ovr": [0.529, 1.1096545219421388], "sigmoid - 0.1 - ovo": [0.5456000000000001, 0.6686339855194092], "sigmoid - 0.1 - ovr": [0.5456000000000001, 0.6742172241210938], "sigmoid - 1 - ovo": [0.461, 0.47299513816833494], "sigmoid - 1 - ovr": [0.461, 0.47298083305358884], "sigmoid - 10 - ovo": [0.41880000000000006, 0.398940372467041], "sigmoid - 10 - ovr": [0.41880000000000006, 0.4084280490875244], "sigmoid - 100 - ovo": [0.42200000000000004, 0.4218684196472168], "sigmoid - 100 - ovr": [0.42200000000000004, 0.39886975288391113]}