{"linear - 1e-05 - ovo": [0.1126, 1.7788734436035156], "linear - 1e-05 - ovr": [0.1126, 1.743079948425293], "linear - 0.0001 - ovo": [0.4928, 1.7255250930786132], "linear - 0.0001 - ovr": [0.4928, 1.7094241619110107], "linear - 0.001 - ovo": [0.8824, 0.8938406944274903], "linear - 0.001 - ovr": [0.8824, 0.8769882202148438], "linear - 0.01 - ovo": [0.9174000000000001, 0.4242441177368164], "linear - 0.01 - ovr": [0.9174000000000001, 0.411505126953125], "linear - 0.1 - ovo": [0.9179999999999999, 0.3298817157745361], "linear - 0.1 - ovr": [0.9179999999999999, 0.3330675601959229], "linear - 1 - ovo": [0.9032, 0.36823015213012694], "linear - 1 - ovr": [0.9032, 0.3545066833496094], "linear - 10 - ovo": [0.9004000000000001, 0.36655440330505373], "linear - 10 - ovr": [0.9004000000000001, 0.3581409931182861], "linear - 100 - ovo": [0.9004000000000001, 0.36151814460754395], "linear - 100 - ovr": [0.9004000000000001, 0.35483455657958984], "poly (2) - 1e-05 - ovo": [0.1126, 1.856114673614502], "poly (4) - 1e-05 - ovo": [0.1126, 1.787590789794922], "poly (6) - 1e-05 - ovo": [0.1126, 1.8007090091705322], "poly (8) - 1e-05 - ovo": [0.1126, 1.7896568775177002], "poly (2) - 1e-05 - ovr": [0.1126, 1.8127922058105468], "poly (4) - 1e-05 - ovr": [0.1126, 1.7992252349853515], "poly (6) - 1e-05 - ovr": [0.1126, 1.787822151184082], "poly (8) - 1e-05 - ovr": [0.1126, 1.8284675121307372], "poly (2) - 0.0001 - ovo": [0.1126, 1.7781785011291504], "poly (4) - 0.0001 - ovo": [0.1126, 1.9282100200653076], "poly (6) - 0.0001 - ovo": [0.1126, 1.8129284858703614], "poly (8) - 0.0001 - ovo": [0.1126, 1.9165183067321778], "poly (2) - 0.0001 - ovr": [0.1126, 1.8256190299987793], "poly (4) - 0.0001 - ovr": [0.1126, 1.8432675361633302], "poly (6) - 0.0001 - ovr": [0.1126, 1.8211437225341798], "poly (8) - 0.0001 - ovr": [0.1126, 1.817406177520752], "poly (2) - 0.001 - ovo": [0.1126, 1.8239187240600585], "poly (4) - 0.001 - ovo": [0.1126, 1.8195788860321045], "poly (6) - 0.001 - ovo": [0.1126, 1.946502923965454], "poly (8) - 0.001 - ovo": [0.11480000000000001, 1.8780746459960938], "poly (2) - 0.001 - ovr": [0.1126, 1.8163278579711915], "poly (4) - 0.001 - ovr": [0.1126, 1.832469367980957], "poly (6) - 0.001 - ovr": [0.1126, 1.9228997230529785], "poly (8) - 0.001 - ovr": [0.11480000000000001, 1.8724047660827636], "poly (2) - 0.01 - ovo": [0.29059999999999997, 1.8091085433959961], "poly (4) - 0.01 - ovo": [0.1482, 1.7977694034576417], "poly (6) - 0.01 - ovo": [0.1434, 1.845343542098999], "poly (8) - 0.01 - ovo": [0.14120000000000002, 1.821836805343628], "poly (2) - 0.01 - ovr": [0.29059999999999997, 1.792301893234253], "poly (4) - 0.01 - ovr": [0.1482, 1.7942470073699952], "poly (6) - 0.01 - ovr": [0.1434, 1.832446002960205], "poly (8) - 0.01 - ovr": [0.14120000000000002, 1.821702766418457], "poly (2) - 0.1 - ovo": [0.9161999999999999, 1.1022029399871827], "poly (4) - 0.1 - ovo": [0.654, 1.5536295413970946], "poly (6) - 0.1 - ovo": [0.3738, 1.6922446250915528], "poly (8) - 0.1 - ovo": [0.21580000000000005, 1.7758466720581054], "poly (2) - 0.1 - ovr": [0.9161999999999999, 1.1180382251739502], "poly (4) - 0.1 - ovr": [0.654, 1.5108466148376465], "poly (6) - 0.1 - ovr": [0.3738, 1.7087785243988036], "poly (8) - 0.1 - ovr": [0.21580000000000005, 1.7615128040313721], "poly (2) - 1 - ovo": [0.9516, 0.6434976577758789], "poly (4) - 1 - ovo": [0.9346, 1.1492217540740968], "poly (6) - 1 - ovo": [0.7167999999999999, 1.5520783424377442], "poly (8) - 1 - ovo": [0.4918000000000001, 1.7942076683044434], "poly (2) - 1 - ovr": [0.9516, 0.6301173210144043], "poly (4) - 1 - ovr": [0.9346, 1.152893304824829], "poly (6) - 1 - ovr": [0.7167999999999999, 1.5599824428558349], "poly (8) - 1 - ovr": [0.4918000000000001, 1.802659511566162], "poly (2) - 10 - ovo": [0.9526, 0.6218862533569336], "poly (4) - 10 - ovo": [0.9427999999999999, 1.329182243347168], "poly (6) - 10 - ovo": [0.8667999999999999, 1.7326242923736572], "poly (8) - 10 - ovo": [0.6452, 1.89753098487854], "poly (2) - 10 - ovr": [0.9526, 0.5965752124786377], "poly (4) - 10 - ovr": [0.9427999999999999, 1.3424721717834474], "poly (6) - 10 - ovr": [0.8667999999999999, 1.7123311519622804], "poly (8) - 10 - ovr": [0.6452, 1.9044265270233154], "poly (2) - 100 - ovo": [0.9526, 0.6221177101135253], "poly (4) - 100 - ovo": [0.943, 1.3654414176940919], "poly (6) - 100 - ovo": [0.8757999999999999, 1.8495520114898683], "poly (8) - 100 - ovo": [0.7023999999999999, 2.1296286582946777], "poly (2) - 100 - ovr": [0.9526, 0.6177973270416259], "poly (4) - 100 - ovr": [0.943, 1.3253159523010254], "poly (6) - 100 - ovr": [0.8757999999999999, 1.7875339984893799], "poly (8) - 100 - ovr": [0.7023999999999999, 1.990995454788208], "rbf - 1e-05 - ovo": [0.1126, 2.458509016036987], "rbf - 1e-05 - ovr": [0.1126, 2.4868160247802735], "rbf - 0.0001 - ovo": [0.1126, 2.518184185028076], "rbf - 0.0001 - ovr": [0.1126, 2.5134653091430663], "rbf - 0.001 - ovo": [0.1126, 2.460419273376465], "rbf - 0.001 - ovr": [0.1126, 2.4856671333312987], "rbf - 0.01 - ovo": [0.3916, 2.4818225860595704], "rbf - 0.01 - ovr": [0.3916, 2.451645278930664], "rbf - 0.1 - ovo": [0.9152000000000001, 1.4099828243255614], "rbf - 0.1 - ovr": [0.9152000000000001, 1.3911209106445312], "rbf - 1 - ovo": [0.954, 0.8449813842773437], "rbf - 1 - ovr": [0.954, 0.8261399269104004], "rbf - 10 - ovo": [0.9596, 0.852590799331665], "rbf - 10 - ovr": [0.9596, 0.8527469635009766], "rbf - 100 - ovo": [0.9596, 0.8263474941253662], "rbf - 100 - ovr": [0.9596, 0.8413831710815429], "sigmoid - 1e-05 - ovo": [0.1126, 2.184804916381836], "sigmoid - 1e-05 - ovr": [0.1126, 2.1620699882507326], "sigmoid - 0.0001 - ovo": [0.1126, 2.2205660343170166], "sigmoid - 0.0001 - ovr": [0.1126, 2.1992276668548585], "sigmoid - 0.001 - ovo": [0.1126, 2.172845220565796], "sigmoid - 0.001 - ovr": [0.1126, 2.168522500991821], "sigmoid - 0.01 - ovo": [0.6832, 1.9227138042449952], "sigmoid - 0.01 - ovr": [0.6832, 1.922447919845581], "sigmoid - 0.1 - ovo": [0.8855999999999999, 0.8918672561645508], "sigmoid - 0.1 - ovr": [0.8855999999999999, 0.883053207397461], "sigmoid - 1 - ovo": [0.8939999999999999, 0.45552401542663573], "sigmoid - 1 - ovr": [0.8939999999999999, 0.4558125972747803], "sigmoid - 10 - ovo": [0.8518000000000001, 0.35186161994934084], "sigmoid - 10 - ovr": [0.8518000000000001, 0.35192170143127444], "sigmoid - 100 - ovo": [0.8304, 0.32999444007873535], "sigmoid - 100 - ovr": [0.8304, 0.3261216163635254]}